title,published_at,url
PyConES 2024 - Mejores Momentos,2024-10-25T11:37:21Z,https://www.youtube.com/watch?v=8MycV84OlZY
EUROPYTHON 2024 - Visitamos Praga!!!!,2024-10-01T18:47:10Z,https://www.youtube.com/watch?v=VEHyaDCxUYU
Miguel S√°nchez - Generaci√≥n sint√©tica de im√°genes para detecci√≥n y segmentaci√≥n,2023-12-19T06:22:04Z,https://www.youtube.com/watch?v=7J4CgB6bfpA
"Mario Montes - Yo me lo guiso, yo me lo como",2023-12-19T06:21:53Z,https://www.youtube.com/watch?v=JW3M4vwLtS8
Avneet - Behave: Automated Testing of Data Pipelines using BDD,2023-12-19T06:02:38Z,https://www.youtube.com/watch?v=3-0esB1iwpE
Pablo Rodr√≠guez - C√≥mo adaptar un programa Python para tus amigos no-programadores,2023-12-19T06:02:16Z,https://www.youtube.com/watch?v=LNPFpq1IVVQ
Luis San Rom√°n - Generative AI = Huge Opportunities,2023-12-19T06:03:09Z,https://www.youtube.com/watch?v=GAwgIx_sqnc
Laszlo Kiss - The wheelhouse of horrors,2023-12-19T06:01:52Z,https://www.youtube.com/watch?v=dfocsJAcRfo
√áaƒüƒ±l Ulu≈üahin S√∂nmez - The coding conventions that makes our lives easier,2023-12-19T06:01:40Z,https://www.youtube.com/watch?v=8E8J8gHV564
Maialen - C√≥mo montar un sistema de experimentaci√≥n con mlflow,2023-12-19T06:02:02Z,https://www.youtube.com/watch?v=R_bYKCJZH4o
Murilo Cunha - Faster Python with friends,2023-12-19T06:02:28Z,https://www.youtube.com/watch?v=3ZyrqflNIvo
V√≠ctor Su√°rez - Durango: Hablamos de hardware retro usando Python,2023-12-19T06:02:49Z,https://www.youtube.com/watch?v=XbeCMB0H8_w
Marina Moro L√≥pez y Helena G√≥mez Pozo - Dise√±o de vacunas contra el c√°ncer con Python,2023-12-19T06:00:45Z,https://www.youtube.com/watch?v=axky2xs_eR0
Adrian Herrmann - Asynchronous programming with asyncio and Qt,2023-12-19T06:00:32Z,https://www.youtube.com/watch?v=XuqdTvisqkQ
Cheuk Ting Ho - Untangle Python Spaghetti - Deep dive into environments and dependencies management,2023-12-19T06:00:57Z,https://www.youtube.com/watch?v=vuQA9aQPs8U
D√°cil Hern√°ndez - Trascendiendo el Hype: La realidad de la IA en las empresas,2023-12-19T05:59:44Z,https://www.youtube.com/watch?v=3oAsR9BQXuE
Jes√∫s R. Nieto - Geppetto: Python en la creaci√≥n de personajes en pel√≠culas de animaci√≥n,2023-12-19T06:00:20Z,https://www.youtube.com/watch?v=I4hRztqUtXM
Ben Lomax - The Art of the Pull Request,2023-12-19T06:01:11Z,https://www.youtube.com/watch?v=YLnj9iTbrA8
Marcelo Trylesinski - The validation evolution: Pydantic V2tronger,2023-12-19T06:01:28Z,https://www.youtube.com/watch?v=Z_G1h6YxiT8
Raquel Lainde - Prosperar en entornos homog√©neos siendo &quot;diversidad&quot;,2023-12-19T05:59:30Z,https://www.youtube.com/watch?v=TEVcCH0IgR0
Santiago C√°rdenas - ¬øDe verdad GPT le va a quitar el trabajo a Developers y Data Scientists?,2023-12-19T06:00:08Z,https://www.youtube.com/watch?v=qpSM6SFkVJQ
"Simone Giacomelli - Seamless Server and in-Browser web programming with wwwpy, Pyodide and WASM.",2023-12-19T05:59:56Z,https://www.youtube.com/watch?v=zGYVIbeUWUg
Carlos L√≥pez y Juan √Ålvarez - X-men al rescate,2023-12-19T05:58:15Z,https://www.youtube.com/watch?v=CxkvIUjE8dc
Javier y Miguel: C√≥mo ejecutar miles de VM en paralelo y no morir en el intento - Orcha üê≥,2023-12-19T05:58:04Z,https://www.youtube.com/watch?v=ooPboULiYGU
Sergio Gil - De p√≠xeles a predicciones: la magia detr√°s de la clasificaci√≥n de im√°genes con RN,2023-12-19T05:58:27Z,https://www.youtube.com/watch?v=FyVc0JaTAPk
Adriana  y Jes√∫s: ASM: La revoluci√≥n del modelo de mantenimiento de productos tradicional,2023-12-19T05:58:58Z,https://www.youtube.com/watch?v=r0RaM7ICfws
V√≠deo resumen PyConES23,2023-12-19T05:57:24Z,https://www.youtube.com/watch?v=HoMcuYvzUec
Mireya y Jorge - C√≥mo abordar tus problemas de predicci√≥n de series temp sin morir en el intento,2023-12-19T05:57:36Z,https://www.youtube.com/watch?v=edcCT0U9u7g
"David Carrasco - Make it Easier, Make it Powerful: A Pythonic solution for IoT in the Rusty Way",2023-12-19T05:57:51Z,https://www.youtube.com/watch?v=0o-RJRtiOBQ
Artur Costa - Monadas en Python: Menos Excepciones y M√°s Tipado en Nuestro C√≥digo,2023-12-19T05:58:41Z,https://www.youtube.com/watch?v=8KT165QWxJc
Justo Ruiz - Real Time Vectorized DataSets under 30 minutes,2023-12-19T05:59:11Z,https://www.youtube.com/watch?v=LXZ-c6ITqI0
PyConES 2023 - Apertura,2023-12-19T05:56:30Z,https://www.youtube.com/watch?v=611DnBdO3sc
PyConES 2023 - ‚ö° Lightning talks [2],2023-12-19T05:55:19Z,https://www.youtube.com/watch?v=EmH1SnmOLrw
Maria Vicenta - Maintaining High Code Std in a Globally Shared Codebase with 80+ Daily Deployments,2023-12-19T05:57:12Z,https://www.youtube.com/watch?v=nlQy2xV_y-Q
Xoel L√≥pez - Scraping sin hacer scraping,2023-12-19T05:55:55Z,https://www.youtube.com/watch?v=fkiUveVgX_s
Manuel D√≠az / Pedro Quilles - En mi dataset funcionaba - monitorizando modelos de machine learning,2023-12-19T05:55:42Z,https://www.youtube.com/watch?v=Sy2Z-4O4ICw
Marta G√≥mez - Malware en Pypi,2023-12-19T05:56:19Z,https://www.youtube.com/watch?v=Nz1jHekJ1dk
Jaime Crespo / Roc Massaguer - C√≥mo Outconsumer y yo domamos a la IA machista de la Kings League,2023-12-19T05:55:30Z,https://www.youtube.com/watch?v=tbkTK2PTCyU
Keynote - Gema Parre√±o - El Se√±or de las Palabras: los Dos Frameworks,2023-12-19T05:56:07Z,https://www.youtube.com/watch?v=KKGI-tfXG0k
PyConES 2023 - ‚ö° Lightning talks [1],2023-12-19T05:56:40Z,https://www.youtube.com/watch?v=6jDp1NqFf9U
Ricardo Fern√°ndez / Carlos Alberto - GAN‚Äôs and Roses ‚Äì redes generativas para iniciados,2023-12-19T05:56:57Z,https://www.youtube.com/watch?v=xdfX4zb3KE0
Naomi Ceder - Dos rompecabezas de Python - buscando el porqu√©,2023-12-19T05:54:57Z,https://www.youtube.com/watch?v=rJVIAQ7r78k
Pablo Garc√≠a - Survival of the fittest: usando el paquete inspyred para entrenar IAs que juegan,2023-12-19T05:53:29Z,https://www.youtube.com/watch?v=KP4eZMQlk3k
Edelm√≠n y Mar√≠a del Socorro Garc√≠a Rom√°n - Machine Learning en el sector portuario con Python,2023-12-19T05:53:11Z,https://www.youtube.com/watch?v=62-up6Jn7so
Juan Luis Cano - Python para un mundo mejor: informe desde la trinchera,2023-12-19T05:54:12Z,https://www.youtube.com/watch?v=teVqkugbBDI
Elen Irazabal - Copyright e IA Generativa. ¬øQu√© nos espera?,2023-12-19T05:53:39Z,https://www.youtube.com/watch?v=IUfzzrB2vb0
Mai Gim√©nez - Arquitectura de software para investigadoras,2023-12-19T05:54:24Z,https://www.youtube.com/watch?v=chksKNxoRvM
PyConES 2023 - Cierre,2023-12-19T05:55:07Z,https://www.youtube.com/watch?v=lxMrGstUT7Y
Keynote - Nerea Luis - El futuro del trabajo,2023-12-19T05:54:46Z,https://www.youtube.com/watch?v=IJYHUk49b8Y
Sara San Luis y Christian Carballo: Revolucionando Telegram: Creando bots inteligentes con OpenAI,2023-12-19T05:53:20Z,https://www.youtube.com/watch?v=OMJLiJnabPw
Federico Mon - Desentra√±ando el c√≥digo: La magia de la instrumentaci√≥n en Python,2023-12-19T05:53:48Z,https://www.youtube.com/watch?v=nFKEseqTh8E
Pablo Galindo - Profiling a la velocidad de la luz,2023-12-19T05:54:35Z,https://www.youtube.com/watch?v=YJWQ0hHfajs
Israel Blancas - Instrumentando aplicaciones Python con OpenTelemetry,2023-12-19T05:53:58Z,https://www.youtube.com/watch?v=TboavqDRL60
"Andros Fenollosa - LiveView, un enfoque moderno de desarrollo Web",2023-12-19T05:53:02Z,https://www.youtube.com/watch?v=P4j_RrsZITk
Jes√∫s Armando Anaya - Explicando el sistema de un veh√≠culo aut√≥nomo con Python,2023-12-19T05:52:40Z,https://www.youtube.com/watch?v=OZqXeCk3-ow
A√∫n estas a tiempo para HacktoberFest: Intro a Git y Hablemos de OpenSource,2022-10-25T06:19:54Z,https://www.youtube.com/watch?v=jWJonTUkrOE
Israel Blancas - Trabajo remoto ¬øestamos realmente sol@s? (Open Space),2022-10-22T15:12:36Z,https://www.youtube.com/watch?v=tJjSLVWJMQg
Pablo Galindo - Faster CPython project: Como estamos haciendo Python 3.11 m√°s r√°pido,2022-10-22T15:10:43Z,https://www.youtube.com/watch?v=94jLt3CX5Dc
Iris N√∫√±ez - Pandas us√≥ de index contra dataframe gigantes ¬°Es muy efectivo!,2022-10-22T15:10:48Z,https://www.youtube.com/watch?v=8Pd98FMF7Yc
"Fede - Faster Python, d√©mosle alas a la serpiente",2022-10-22T15:10:56Z,https://www.youtube.com/watch?v=02jTbMNcW9Y
Juan Jose y Victor - ¬øQu√© hay de nuevo en Python 3.11? (open space),2022-10-22T15:11:02Z,https://www.youtube.com/watch?v=tvl5lfqoJf0
Jimena - Crea tu propio juguete sexual con Python üçÜüçë,2022-10-22T15:10:37Z,https://www.youtube.com/watch?v=oOmJPvjHRfA
Alejandro Cort√©s - Geolocalizaci√≥n sin G,2022-10-22T15:09:07Z,https://www.youtube.com/watch?v=_uf-emIJB-I
Jorge Gim√©nez - FAKE NEWS ALARM! C√≥mo detectar noticias falsas con redes neuronales recurrentes,2022-10-22T15:09:07Z,https://www.youtube.com/watch?v=QK-bdGyb1tU
Jos√© Mu√±oz - C√≥mo no vender la misma entrada a dos personas diferentes,2022-10-22T15:09:07Z,https://www.youtube.com/watch?v=-mrPStHYOGw
Antoni Aloy - Estimaci√≥n de proyectos 101,2022-10-22T15:09:07Z,https://www.youtube.com/watch?v=g8vxzheWsOo
Charlas rel√°mpago,2022-10-22T15:09:08Z,https://www.youtube.com/watch?v=craN6YkhUaA
‚òÖNieves √Åbalos Serrano - Inteligencia Artificial Conversacional ‚ù§ Python (Keynote),2022-10-22T15:09:07Z,https://www.youtube.com/watch?v=kBTVZfM_XzM
Miguel F Alarcon - Introducci√≥n a la causalidad en Python,2022-10-22T15:09:07Z,https://www.youtube.com/watch?v=sSbDW_NzS5s
Maria Camila Guerrero Giraldo - Lo mejor de dos mundos: Backend y Machine Learning con Python,2022-10-22T15:09:07Z,https://www.youtube.com/watch?v=aNFbEGoUN9E
Pamela Bustamante - Optimizaci√≥n Matem√°tica con Python,2022-10-22T15:09:07Z,https://www.youtube.com/watch?v=UOjB89f5n2c
Juan Luis Cano Garc√≠a - Hacer crecer tu proyecto open source (Open Space),2022-10-22T15:09:07Z,https://www.youtube.com/watch?v=62MNUq5QcXY
Antonio y Alejandro - Introducci√≥n al aprendizaje por refuerzo en Python,2022-10-22T15:09:07Z,https://www.youtube.com/watch?v=Z6myo1vGoO4
Unai - Derechos o mesas de ping pong,2022-10-22T15:09:07Z,https://www.youtube.com/watch?v=rGD8ZA09-O4
"Javier y Pablo - Soy un ordenador, ¬øA qu√© quieres que te gane?",2022-10-22T15:09:07Z,https://www.youtube.com/watch?v=4kxd5k_vtjA
"Cheuk Ting Ho - Came for the Conference, Stayed for the Sprint",2022-10-22T15:09:07Z,https://www.youtube.com/watch?v=c_HoP_V1gj0
Victor - Inteligencia Artificial en Medicina: no es oro todo lo que reluce,2022-10-22T15:09:07Z,https://www.youtube.com/watch?v=mUuZ_c7JQ8g
Cristi√°n Maureira-Fredes - Aprendiendo sobre el n√∫cleo de Python rompi√©ndolo todo,2022-10-22T15:09:07Z,https://www.youtube.com/watch?v=bKLvyltEKV0
Javier Mart√≠n Salinas - Creando workflows din√°micos en Airflow,2022-10-22T15:09:07Z,https://www.youtube.com/watch?v=HQsRu_SfUGg
√Ångel y Guillermo - Asegurando el tiro: intervalos de confianza para tus modelos de Machine Learning,2022-10-22T15:09:07Z,https://www.youtube.com/watch?v=tuskhDN7VNk
"Francis Santiago - Open your mind!, no soy programadora pero uso Python",2022-10-22T15:09:07Z,https://www.youtube.com/watch?v=1_Z7gvpWTT0
Irene y Javier - Home is where your Assistant is written in Python,2022-10-22T15:09:07Z,https://www.youtube.com/watch?v=RVXpN2nMOcU
Jara Juana Bernejo Vega - An√°lisis de red del discurso de odio queerf√≥bico en Twitter,2022-10-22T15:09:07Z,https://www.youtube.com/watch?v=nC58DAXGhgw
Juan Luis Cano - M√°s all√° de pandas: comparativa de dataframes en Python,2022-10-22T15:09:07Z,https://www.youtube.com/watch?v=WgLtYLzEXzQ
Javier y Manuel - Streamlit and Snowpark...when Python meets Snowflake,2022-10-22T15:09:07Z,https://www.youtube.com/watch?v=pI33M2Qhyk0
Elena Guidi - Salvemos los ping√ºinos con el green computing,2022-10-22T15:09:07Z,https://www.youtube.com/watch?v=FA6VzX36DwU
Bea Hern√°ndez - Explicabilidad local: ¬øc√≥mo interpreto la predicci√≥n?,2022-10-22T15:09:07Z,https://www.youtube.com/watch?v=7f0VcOsb-2o
Inauguraci√≥n Conferencia,2022-10-22T15:09:07Z,https://www.youtube.com/watch?v=g2KxtFP8k9M
Vasja Urbancic - Fail Fast MLOps: Lessons learned from deploying ML solutions in production,2022-10-22T15:09:07Z,https://www.youtube.com/watch?v=A9bLWPX6SIE
Manuel Calzado Vidal - Feature Flags. Stay in Control,2022-10-22T15:09:07Z,https://www.youtube.com/watch?v=zoV-L2rgWdk
‚òÖMai Gim√©nez - La era del diamante: sesgos y riesgos en IA (Keynote),2022-10-22T15:09:07Z,https://www.youtube.com/watch?v=ud_S5j_JWrw
Marina Moro - Biohacking con Python,2022-10-22T15:09:07Z,https://www.youtube.com/watch?v=wfTLAn2fLuQ
PyConES 2022 - Video de Introducci√≥n,2022-10-22T15:09:07Z,https://www.youtube.com/watch?v=AE1lwMBs3I8
Juan Aragon - Demystifying stepping down. Reversing a career in Software,2022-10-22T15:09:07Z,https://www.youtube.com/watch?v=nhGR_f_ApBA
Cierre de la conferencia,2022-10-22T15:09:07Z,https://www.youtube.com/watch?v=LHHNXVHQT6Q
"Sergio Le√≥n - Inyecci√≥n de dependencias, f√°cil!",2022-10-22T15:09:07Z,https://www.youtube.com/watch?v=5qHvzZFhR_0
Gerard - Escalado transparente de aplicaciones python en el cloud con Lithops,2022-10-22T15:09:07Z,https://www.youtube.com/watch?v=yYymuSb8SkE
Benjam√≠n Granados - La magia de OpenAPI Specification,2022-10-22T15:09:07Z,https://www.youtube.com/watch?v=63bke8GuRCo
In√©s Huertas - MLOps con MLFlow,2022-10-22T15:09:07Z,https://www.youtube.com/watch?v=7bprXk5_Wkk
Jos√© Carlos Calvo Tudela - Optimizaci√≥n de rendimiento de una API usando DRF,2022-10-22T15:09:07Z,https://www.youtube.com/watch?v=-cKnzazAZ5c
Juan Carlos y Jaume - Regresi√≥n al Futuro: Previsi√≥n de Series Temporales con XGBoost,2022-10-22T15:09:07Z,https://www.youtube.com/watch?v=QZoAaauw6fo
Nerea Luis - &quot;Computer says no&quot;,2022-10-22T15:09:07Z,https://www.youtube.com/watch?v=aqEqozCcgLQ
Ram√≥n Medrano - C√≥mo SRE utiliza Python para automatizar millones de m√°quinas y servicios,2022-10-22T15:09:07Z,https://www.youtube.com/watch?v=XRkk3-qAi7M
Isabella Karabasz - The ups and downs of deploying AI in the wild. A pyspark story,2022-10-22T15:09:07Z,https://www.youtube.com/watch?v=uaD4SWaMG8M
Israel y Francesco - Django Zero Downtime Migrations,2022-10-22T15:09:07Z,https://www.youtube.com/watch?v=9QfZvlSTiSg
Martina Kienberger - An√°lisis de encuestas con Python,2022-10-22T15:09:07Z,https://www.youtube.com/watch?v=C9TxepawzAw
Maria Jos√© Molina-Contreras - Respira mejor,2022-10-22T15:06:04Z,https://www.youtube.com/watch?v=z38pp61CmFQ
Marta Arcones - Desarrollo de Software Seguro,2022-10-22T15:06:04Z,https://www.youtube.com/watch?v=NyvR2UKkNc8
Zerjillo y Javier - Control de dispositivos astron√≥micos con Python,2022-10-22T15:06:04Z,https://www.youtube.com/watch?v=ol9ICBMWOOg
Daniel S√°nchez Llopis - M√°s vale Wagtail en mano que CMS volando,2022-10-22T15:06:04Z,https://www.youtube.com/watch?v=TaJzucSdvHg
"Fran y Sonia - Resolver, Romper, Recombinar: las tres Rs para programar apps Django reutilizables",2022-10-22T15:06:04Z,https://www.youtube.com/watch?v=tUzkFjV0I3o
Caterina Fuster Barcel√≥ - Protegiendo el oro con tu coraz√≥n,2022-10-22T15:06:04Z,https://www.youtube.com/watch?v=ejwLeCrf3pY
Gloria Silva - Mi yo ni√±a estar√≠a orgullosa,2022-10-22T15:06:04Z,https://www.youtube.com/watch?v=U6L1gYR6IBQ
Enrique Catal√° - Despliega tu red neuronal python con FastAPI en kubernetes,2022-10-22T15:06:04Z,https://www.youtube.com/watch?v=kTjBsHFGTBU
Alberto Vara - SegmentationFault Fest,2022-10-22T15:06:04Z,https://www.youtube.com/watch?v=bYXYZAAKYXg
Irene Morgado - Cuando tu empresa contraataca,2022-10-22T15:06:04Z,https://www.youtube.com/watch?v=vUB_M14zE84
Victor Suarez - Pyxel: Los 8 bits Retro Pythoneros,2022-10-22T15:06:04Z,https://www.youtube.com/watch?v=Z6-eGh3KJyA
Como compartir grandes Datasets entre procesos sin perder la salud mental - PyConES 2021,2021-10-19T08:50:36Z,https://www.youtube.com/watch?v=VxImociXGy8
Deep learning-based super-resolution of climate forecast data - PyConES 2021,2021-10-19T08:51:35Z,https://www.youtube.com/watch?v=1p8bzYioXdA
Hackeando CPython de forma divertida - PyConES 2021,2021-10-19T08:50:09Z,https://www.youtube.com/watch?v=xSsiu_pKduw
Reconstrucci√≥n 3D en interiores a partir de im√°genes 360¬∫ - PyConES 2021,2021-10-19T08:50:24Z,https://www.youtube.com/watch?v=y9xPapu_RqI
Entrega tu producto como una API - PyConES 2021,2021-10-19T08:50:33Z,https://www.youtube.com/watch?v=2o2NMA3quBs
Un salto cu√°ntico con Python: experiencia en programaci√≥n cu√°ntica desde cero - PyConES 2021,2021-10-19T08:50:27Z,https://www.youtube.com/watch?v=-na0hEwFayI
Buenas pr√°cticas para ense√±ar programaci√≥n online - PyConES 2021,2021-10-19T08:50:38Z,https://www.youtube.com/watch?v=mhR1EzgOmOk
"Documenta tu proyecto con Markdown, Sphinx, y Read the Docs - PyConES 2021",2021-10-19T08:51:16Z,https://www.youtube.com/watch?v=w67e1B-V_i4
"Creating a well-being data layer using machine learning, satellite imagery and ground-truth data",2021-10-19T08:50:11Z,https://www.youtube.com/watch?v=Tp2mRusf-tU
Psicolog√≠a Social y Machine Learning: un futuro √©tico - PyConES 2021,2021-10-19T08:51:24Z,https://www.youtube.com/watch?v=Z2OoUz5FT2g
Helping social entities to share private information using homomorphic encryption - PyConES 2021,2021-10-19T08:50:44Z,https://www.youtube.com/watch?v=xu1AZQBK-40
Reales de verdad - PyConES 2021,2021-10-19T08:51:10Z,https://www.youtube.com/watch?v=m0yMabF1_xk
Haciendo copias de seguridad de todo el conocimiento humano con Python y software libre -PyConES2021,2021-10-19T08:51:26Z,https://www.youtube.com/watch?v=Tk8sL5xn0iA
Interpretaci√≥n de modelos de clasificaci√≥n usando Python - PyConES 2021,2021-10-19T08:50:18Z,https://www.youtube.com/watch?v=YhCdshqBkrs
Python para equipos de ciberseguridad - PyConES 2021,2021-10-19T08:51:13Z,https://www.youtube.com/watch?v=uwmKCAIvVvs
Introducci√≥n a los algoritmos bioinspirados con Python - PyConES 2021,2021-10-19T08:51:32Z,https://www.youtube.com/watch?v=r1Xeyf669m8
Qt for Python: METAL EDITION! - PyConES 2021,2021-10-19T08:50:30Z,https://www.youtube.com/watch?v=7un5WajdF0A
Adi√≥s Django: tu API usando solo Python - PyConES 2021,2021-10-19T08:50:50Z,https://www.youtube.com/watch?v=Su5skEhQ2n4
An introduction to hands-on football data analysis in Python - PyConES 2021,2021-10-19T08:50:54Z,https://www.youtube.com/watch?v=Udd9-hz9U1w
Mapeando fenolog√≠a desde el cielo - PyConES 2021,2021-10-19T08:50:21Z,https://www.youtube.com/watch?v=vGEzSq0JLpM
Minority Report en Londres: Un an√°lisis de las consecuencias del sesgo en la polic√≠a predictiva,2021-10-19T08:51:38Z,https://www.youtube.com/watch?v=PtsiV--YlIU
Tracking counterfeiting on the Web with Python and ML - PyConES 2021,2021-10-19T08:51:01Z,https://www.youtube.com/watch?v=YtBZCuSnehw
"Desarrollo dirigido por modelos, ¬øhumo o realidad? - PyConES 2021",2021-10-19T08:50:47Z,https://www.youtube.com/watch?v=ZPNOt9jtmsc
"SQLite, la (des) conocida super hormiga - PyConES 2021",2021-10-19T08:50:14Z,https://www.youtube.com/watch?v=Edkko3QoPMg
Clean Architectures with FastAPI - PyConES 2021,2021-10-19T08:50:41Z,https://www.youtube.com/watch?v=u-owwfBftg4
Testing efectivo con pytest - PyConES 2021,2021-10-19T08:51:20Z,https://www.youtube.com/watch?v=gb1pxGEteEU
La Qu√≠mica en Python con Algoritmos Estoc√°sticos - PyConES 2021,2021-10-19T08:51:05Z,https://www.youtube.com/watch?v=DpFvDRJk1_Q
Microservicios en el mundo real con Python - PyConES 2021,2021-10-19T08:50:00Z,https://www.youtube.com/watch?v=h2CEJ81dgL0
Ense√±ando a ense√±ar - PyconES 2021,2021-10-19T08:50:06Z,https://www.youtube.com/watch?v=8mV4fP8ibmw
¬øCu√°nto contribuyo al cambio clim√°tico? Midiendo la huella de carbono con Python y FastAPI,2021-10-19T08:49:49Z,https://www.youtube.com/watch?v=_llcMDer_q0
PyConES 2021 - Sorteos y clausura,2021-10-04T06:05:11Z,https://www.youtube.com/watch?v=kHekueaEWno
"PyConES 2021 - Keynote: El camino recorrido, desde centroam√©rica hasta ac√°",2021-10-04T02:35:12Z,https://www.youtube.com/watch?v=kXj65XhpSM4
PyConES 2021 - Charlas (Domingo - Bloque A),2021-10-03T12:35:54Z,https://www.youtube.com/watch?v=3EwJOEeC19k
PyConES 2021 - Charlas (Domingo - Bloque B),2021-10-03T12:20:31Z,https://www.youtube.com/watch?v=KR9DO1gU7wc
PyConES 2021 - Keynote: Developing comunidad 2.0,2021-10-03T02:33:13Z,https://www.youtube.com/watch?v=QTyxTDAJoPk
PyConES 2021 - Charlas (S√°bado - Bloque A),2021-10-02T12:25:46Z,https://www.youtube.com/watch?v=r7RiQ_PPJlU
PyConES 2021 - Charlas (S√°bado - Bloque B),2021-10-02T12:16:22Z,https://www.youtube.com/watch?v=UTTDcxYnElI
PyConES 2021 - Apertura (S√°bado),2021-10-02T07:07:32Z,https://www.youtube.com/watch?v=MOOzo8SoQhg
PyConES 2021 - Taller  Django Girls,2021-10-02T02:34:16Z,https://www.youtube.com/watch?v=Rat2egkxGm4
PyConES 2021 - Django Girls Charlas,2021-10-01T18:12:26Z,https://www.youtube.com/watch?v=zBSfcysdilQ
Introducci√≥n a los juegos con Python #pyjuegosalicante,2020-11-27T07:52:33Z,https://www.youtube.com/watch?v=gwXawPshSIQ
HacktoberfestES evento inaugural,2020-11-06T13:01:13Z,https://www.youtube.com/watch?v=bRemmaI9M34
Cierre #HacktoberfestES 2020,2020-11-02T04:53:44Z,https://www.youtube.com/watch?v=vbygRwJhgZQ
Tutorial intermedio de git - &quot;Oh no git!&quot; - #HacktoberfestES,2020-10-25T06:40:19Z,https://www.youtube.com/watch?v=fzMyDHK5jwo
Mesa redonda preparaci√≥n laboral,2020-10-22T06:50:20Z,https://www.youtube.com/watch?v=7Oly98JFuCs
Una rebanada de Python - PyConES 2020 (audio mejorado),2020-10-15T17:07:25Z,https://www.youtube.com/watch?v=AiYPDhIfOo0
Python Serverless Microservices - PyConES 2020 (audio mejorado),2020-10-15T16:29:33Z,https://www.youtube.com/watch?v=tmXMGRzpHQc
Charla Johanna S√°nchez. Taller PyLadies. 2 Octubre 2020,2020-10-08T15:42:10Z,https://www.youtube.com/watch?v=iYeI4jA3w0M
Charla Yamila Moreno. Taller PyLadies.  2 Octubre 2020,2020-10-08T15:42:13Z,https://www.youtube.com/watch?v=jE6WqAn2a-s
Charla Naomi Ceder. Cierre taller PyLadies. 2 Octubre 2020,2020-10-08T15:42:18Z,https://www.youtube.com/watch?v=JfTEamR6HGo
Clausura PyConES2020,2020-10-03T16:30:08Z,https://www.youtube.com/watch?v=MemK2vTUw9Q
Lighting talk: Proyecto python-doc-es - PyConES 2020,2020-10-03T16:15:14Z,https://www.youtube.com/watch?v=hV6buh56xW0
Robots PCR Covidwarriors - PyConES 2020,2020-10-03T16:00:10Z,https://www.youtube.com/watch?v=Dq40F-cIVKI
PyLadies Madrid - Presentaci√≥n comunidad local - PyConES 2020,2020-10-03T15:45:11Z,https://www.youtube.com/watch?v=2H6wASZfGxQ
Machine learning model serving with streamlit and FastAPI - PyConES 2020,2020-10-03T15:30:08Z,https://www.youtube.com/watch?v=IvHCxycjeR0
Python Mallorca - Presentaci√≥n comunidad local - PyConES 2020,2020-10-03T15:15:10Z,https://www.youtube.com/watch?v=CDmqQBreRmk
Introducci√≥n a la programaci√≥n Funcional en Python - PyConES 2020,2020-10-03T15:00:13Z,https://www.youtube.com/watch?v=iRGHfE4rEuQ
Python Sevilla - Presentaci√≥n comunidad local - PyConES 2020,2020-10-03T14:45:11Z,https://www.youtube.com/watch?v=x0YF9q1pJcY
AutoML (Machine Learning para Vagos) - PyConES 2020,2020-10-03T14:30:14Z,https://www.youtube.com/watch?v=1gLM-cM_XJ8
Python Alicante - Presentaci√≥n comunidad local - PyConES 2020,2020-10-03T14:15:08Z,https://www.youtube.com/watch?v=Om2kcuqvAsM
Una rebanada de Python - PyConES 2020,2020-10-03T14:00:11Z,https://www.youtube.com/watch?v=EWuhXfPRF4I
Python Madrid - Presentaci√≥n comunidad local - PyConES 2020,2020-10-03T13:45:10Z,https://www.youtube.com/watch?v=kaJTW_yZDm0
"sudo pip install = üí©, pipx = üëå- PyConES 2020",2020-10-03T13:30:14Z,https://www.youtube.com/watch?v=Ay0dRxfduB0
Python Canarias - Presentaci√≥n comunidad local - PyConES 2020,2020-10-03T13:15:33Z,https://www.youtube.com/watch?v=6QxgyXe7_RA
Hiring demystified - PyConES 2020,2020-10-03T13:00:08Z,https://www.youtube.com/watch?v=UBLTaQ_tRl4
Python Serverless Microservices - PyConES 2020,2020-10-03T11:30:12Z,https://www.youtube.com/watch?v=OSUqGyPaXaI
PyLadies Barcelona &amp; Python Barcelona - Presentaci√≥n comunidad local - PyConES 2020,2020-10-03T11:15:10Z,https://www.youtube.com/watch?v=JYCcPr4QW_k
EDA and NLP basics: Exploring the innards of the Spanish poetry - PyConES 2020,2020-10-03T11:00:10Z,https://www.youtube.com/watch?v=0C96vAa9NHY
Python Granada - Presentaci√≥n comunidad local - PyConES 2020,2020-10-03T10:45:10Z,https://www.youtube.com/watch?v=pgKXhg0cDyE
Python en el universo de las lentes gravitatorias: c√≥mo estudiar el efecto microlente - PyConES 2020,2020-10-03T10:30:10Z,https://www.youtube.com/watch?v=elAt6b7wpFc
Python Murcia - Presentaci√≥n comunidad local - PyConES 2020,2020-10-03T10:15:11Z,https://www.youtube.com/watch?v=BgnbYAZTMDQ
Tipificaci√≥n est√°tica en Python 3.9 - PyConES 2020,2020-10-03T10:00:10Z,https://www.youtube.com/watch?v=2vYOxbd2ioc
Python M√°laga - Presentaci√≥n comunidad local - PyConES 2020,2020-10-03T09:45:10Z,https://www.youtube.com/watch?v=wnhtNjsSLe8
Videojuegos con Python Arcade - PyConES 2020,2020-10-03T09:30:13Z,https://www.youtube.com/watch?v=8kRgYh2lgTo
Python Almer√≠a - Presentaci√≥n comunidad local - PyConES 2020,2020-10-03T09:15:12Z,https://www.youtube.com/watch?v=Doub2vARmrc
Interpretabilidad de Modelos de Machine Learning con Python - PyConES 2020,2020-10-03T09:00:12Z,https://www.youtube.com/watch?v=CoghIHdAMSM
Python Navarra - Presentaci√≥n comunidad local - PyConES 2020,2020-10-03T08:45:23Z,https://www.youtube.com/watch?v=C-vdmYFfWck
Investigating Digital Crimes using Python - PyConES 2020,2020-10-03T08:30:10Z,https://www.youtube.com/watch?v=0Jt-xm7kC2Y
Python Castilla y Le√≥n + PyData Salamanca - Presentaci√≥n comunidad local - PyConES 2020,2020-10-03T08:15:08Z,https://www.youtube.com/watch?v=WeGSIZ-3SI8
COVID19Gram: seguimiento de la evoluci√≥n del coronavirus desde telegram - PyConES 2020,2020-10-03T08:00:32Z,https://www.youtube.com/watch?v=p0lav_dPSxE
Inauguraci√≥n y bienvenida - PyConES 2020,2020-10-03T07:45:11Z,https://www.youtube.com/watch?v=59aGe7E-7l8
PyConES 2019 KEYNOTE III: Pablo Galindo Salgado,2020-02-15T19:13:10Z,https://www.youtube.com/watch?v=qcvZOaY1emk
Be a good colleague and help your Security Engineer! / Adam Stevko,2020-02-15T19:13:10Z,https://www.youtube.com/watch?v=7FZQaEYZspk
El lado oscuro del Scraping en Recruiting / Teresa Salazar Garc√≠a-Rosales,2020-02-15T19:13:10Z,https://www.youtube.com/watch?v=Z7gQGcVtBiM
Usando Flask en el mundo real  extensiones y buenas pr√°cticas / Juan Jos√© Lozano L√≥pez,2020-02-15T19:13:10Z,https://www.youtube.com/watch?v=UAbuV5B1sR4
Odisea en el lodo  La divertida historia sobre heredar un proyecto legacy / Miguell Jim√©nez Garc√≠a,2020-02-15T19:13:10Z,https://www.youtube.com/watch?v=mgE1k051WEk
Ofuscaci√≥n de ficheros con esteganograf√≠a / Gonzalo L√≥pez Valero y Diego Silveira,2020-02-15T19:13:10Z,https://www.youtube.com/watch?v=ZsReicHKLCY
"PyConES 2019 CLAUSURA - Juan L. Cano, Daniel Domene, Zuria Bauer, Mario Corchero y Equipo Org.",2020-02-15T19:13:10Z,https://www.youtube.com/watch?v=1YCABU9SEmA
PyConES: CHARLAS R√ÅPIDAS -  LIGHTNING TALK / Juan Luis Cano Rodr√≠guez,2020-02-15T19:13:10Z,https://www.youtube.com/watch?v=2pej4Rz53Mk
Service Oriented Arquitecture with PySOA / Jorge Barata,2020-02-15T19:13:10Z,https://www.youtube.com/watch?v=aOtk4ga3Du8
Machine Learning para proyectos de seguridad / Jos√© Manuel Ortega Candel,2020-02-15T19:13:10Z,https://www.youtube.com/watch?v=P4SgWOtp6DA
Microservicios altamente paralelos para todos / Alberto Fern√°ndez Valiente,2020-02-15T19:13:10Z,https://www.youtube.com/watch?v=2qnKJhfB1n4
C√≥mo aprovechar todos los recursos hardware en tus modelos de Reinforcement Learning / Rub√©n Garc√≠a,2020-02-15T19:12:25Z,https://www.youtube.com/watch?v=9b5G-xNCVgg
Qvista sistema de informacion territorial del ayto de BCN en PyQGis/ Jordi Cebrian y Noem√≠ Rodr√≠guez,2020-02-15T19:12:13Z,https://www.youtube.com/watch?v=TOKXCx8Ef50
Implementacion de flujos de tareas mediante airflow / Jordi Contest√≠,2020-02-15T19:12:23Z,https://www.youtube.com/watch?v=4nYSboX79WM
Tamarco  un framework de microservicios / Jos√© Melero Fern√°ndez,2020-02-15T19:12:27Z,https://www.youtube.com/watch?v=Z0o9ll0Vd4I
When code is not enough - Juan Ernesto Biondi P√©rez,2020-02-15T19:11:57Z,https://www.youtube.com/watch?v=HJxuOMpmWaE
Fragmentar y dearticular redes de crimen Topolog√≠a y debilidad de redes / Juan C. Gonz√°lez Abella,2020-02-15T19:12:27Z,https://www.youtube.com/watch?v=nbc__LbdvMY
"¬°Socorro, mi hijo quiere ser hacker! / Virginia Tovar y Jorge Brocal",2020-02-15T19:12:17Z,https://www.youtube.com/watch?v=7vI2ABLCYaU
Apertura PyConES 2019 - Keynote I: Safia Abdala,2020-02-15T19:12:25Z,https://www.youtube.com/watch?v=Lklx7VYYP1U
Objetos hashables - V√≠ctor Terr√≥n,2020-02-15T19:12:07Z,https://www.youtube.com/watch?v=JP3MnEcrdfQ
Reconocimiento del habla en Python / Javier Jorge Cano,2020-02-15T19:12:26Z,https://www.youtube.com/watch?v=xXaeK1-LWnI
Introduccion al testeo con mocks / Ester Ramos Carmona,2020-02-15T19:12:17Z,https://www.youtube.com/watch?v=rvbEDYcEh5w
PyRescue‚Ä¶ How we used A B testing to make advertising precise in Nigeria / Adeshola Afolabi,2020-02-15T19:12:20Z,https://www.youtube.com/watch?v=tVWwFpBBMhw
El Show de Truman / Jimenza Escobar Berm√∫dez,2020-02-15T19:12:10Z,https://www.youtube.com/watch?v=9pVM7VeuUoQ
Dynamic Optimization and Process Control in Python / Francisco J. Navarro-Brull,2020-02-15T19:12:21Z,https://www.youtube.com/watch?v=py4MV6ZxxEc
¬øPodemos predecir el S√≠ndrome Visual inform√°tico mediante t√©cnicas de Machine Learning? Rub√©n Crespo,2020-02-15T19:12:25Z,https://www.youtube.com/watch?v=BjcH5W8SwvU
Desarrollo industrial de sistemas embebidos con Python Django y Raspberry - Jos√© A. Rocamonde,2020-02-15T19:12:15Z,https://www.youtube.com/watch?v=D-U4LsAthaY
Desarrollo de Chatbots en Python  RasaNLU / Rafael Haro Ramos y Antonio David P√©rez,2020-02-15T19:12:22Z,https://www.youtube.com/watch?v=3BbVs6kmUKQ
Econom√≠a del software - Miguel Gonz√°lez Flores,2020-02-15T19:12:22Z,https://www.youtube.com/watch?v=0VBdr2fqhQo
End to end M.L. platform for real time underwriting a SV fintech perspective / Hossein Ghodrati,2020-02-15T19:12:16Z,https://www.youtube.com/watch?v=KWaOf4_BIH8
¬øC√≥mo preparar una entrevista t√©cnica? / TRAVELPERK,2020-02-15T19:12:20Z,https://www.youtube.com/watch?v=phfnF-KI3U4
De Daniel san a sr Miyagi en python aprendiendo mediante katas / Irene P√©rez Encinar,2020-02-15T19:12:25Z,https://www.youtube.com/watch?v=BVMdYTiHrrw
Using Python to manipulate Data: A test case in Atomic Force Microscopy / Matthew Eaton et al.,2020-02-15T19:12:13Z,https://www.youtube.com/watch?v=GVl39vKHIW0
Making sense of online reviews... at cloud scale - TRUSTYOU,2020-02-15T19:12:11Z,https://www.youtube.com/watch?v=0sQqiOfyRKA
Python para calentar tu casa / H√©ctor Pablos L√≥pez,2020-02-15T19:12:18Z,https://www.youtube.com/watch?v=UEZukvWbj3A
Porque una imagen vale m√°s que mil datos  El poder de los gr√°ficos en Python / Mar√≠a √Å. Rodr√≠guez,2020-02-15T19:11:57Z,https://www.youtube.com/watch?v=Lze2qM4VMQs
PyConES 2019 Keynote II - Francisco Javier Ordo√±ez Morales,2020-02-15T19:12:19Z,https://www.youtube.com/watch?v=_MWmqFNaZBk
Sistemas de recomendaci√≥n con Surprise - Antonio David P√©rez Morales y Rafael Haro Ramos,2020-02-15T19:12:27Z,https://www.youtube.com/watch?v=aUZZ9AIMpx8
Frameworks Serverless para Kubernetes / Gustavo Mar√≠n,2020-02-15T19:12:26Z,https://www.youtube.com/watch?v=liFeNNHvCwU
Procesamiento distribuido con Dask para posicionamiento indoor/ √Ålvaro Arredondo y Cayetano Benavent,2020-02-15T19:12:17Z,https://www.youtube.com/watch?v=UHZRUpwYNiM
Drivers en Python: c√≥mo encender luces en un teclado cuando recibo un mail  - Javier Torres Ni√±o,2020-02-15T19:11:57Z,https://www.youtube.com/watch?v=ekgy3-5ISxo
F-strings a format system to rule them all / Juan Diego Godoy Robles,2020-02-15T19:11:57Z,https://www.youtube.com/watch?v=DCZ2x3tud8A
Ext. Django para que se conecte a otras Bases de Datos  escribe tu propio backend - Javier Abad√≠a,2020-02-15T19:12:07Z,https://www.youtube.com/watch?v=fvg7FLA_69k
Py2hollywood   usando Python en una producci√≥n de pel√≠culas de animaci√≥n - Alberto Santos,2020-02-15T19:12:25Z,https://www.youtube.com/watch?v=RaYNC-TVPzk
Chatops 101 con opsdroid / √Ångel Fern√°ndez,2020-02-15T19:12:23Z,https://www.youtube.com/watch?v=dUbV3vMHGgM
Nariz electr√≥nica para la detecci√≥n de defectos del caf√© con Python / Katerine Perdomo Moreno,2020-02-15T19:12:22Z,https://www.youtube.com/watch?v=sBs9d6BbxgM
Optimizaci√≥n de una red de evaporadores industriales / Mar√≠a P. Marcos,2020-02-15T19:12:26Z,https://www.youtube.com/watch?v=aMpDptFQp3s
Making a galaxy with python  merits and pitfalls in probabilistic programming / Vital Fern√°ndez,2020-02-15T19:11:59Z,https://www.youtube.com/watch?v=pwacFS-uW9c
Exceptional exceptions / Mario Corchero,2020-02-15T19:12:14Z,https://www.youtube.com/watch?v=f3UoZU3hK-c
MI CASA  venturas y desventuras de una radioastr√≥noma en Python / Ana Karla D√≠az Rodr√≠guez,2020-02-15T19:12:19Z,https://www.youtube.com/watch?v=F6HOelotQY4
Deeplearneando con Python con casos de uso de biometr√≠a - √Ålvaro Romero D√≠az ORANGE,2020-02-15T19:12:13Z,https://www.youtube.com/watch?v=VTSsETrUj1A
Mom i want to be a data artist / Alberto Romeu Carrasco,2020-02-15T19:12:18Z,https://www.youtube.com/watch?v=RSiLOGtNA_M
Using PyPI and docopt to create and share command lines / Tony Ald√≥n,2020-02-15T19:11:57Z,https://www.youtube.com/watch?v=utrTqWB_ncU
Data Science meets Economy  how to meassure social impact from consumption data / Marta Rivera Alba,2020-02-15T19:11:57Z,https://www.youtube.com/watch?v=ckNaXkpRzdI
"Data Science for Lazy People, Automated Machine Learning / Juan Diego Hueltes",2020-02-15T19:11:57Z,https://www.youtube.com/watch?v=-eGDob2O97o
Analiza la salud de tu proyecto con GrimoireLab y Python - Valerio Cosentino,2020-02-15T19:12:16Z,https://www.youtube.com/watch?v=uiC7HJQdaPE
Game of patterns / Vadim Santiaev,2020-02-15T19:12:26Z,https://www.youtube.com/watch?v=8JOJjCzYCzI
Que la Generaci√≥n Z no rompa tus modelos / Alicia P√©rez,2020-02-15T19:12:13Z,https://www.youtube.com/watch?v=Kq2pk99OD90
Microservice and Serverless Applications with Python Challenges and opportunities - Nilo N. Coutinho,2020-02-15T19:11:57Z,https://www.youtube.com/watch?v=SOXQtvX5JNU
Estrategias de comprensi√≥n con y para Python - Martina Kienberger - PyConES 2018,2019-03-01T18:12:20Z,https://www.youtube.com/watch?v=mhAdkYmCRZg
"Multitenant, el infierno de las migraciones - Xavier Gil - PyConES 2018",2019-03-01T18:12:21Z,https://www.youtube.com/watch?v=5nD2wRkn9CY
"Python, Pandas and other animals to survive in the data jungle - Marta Rivera - PyConES 2018",2019-03-01T18:12:20Z,https://www.youtube.com/watch?v=W8weIvQcdRU
Hora de sacar la basura   garbage collector - Pablo Galindo y Victor Terr√≥n - PyConES 2018,2019-03-01T18:12:20Z,https://www.youtube.com/watch?v=G9wOSExzs5g
Everything is a Python module - Salvador de la Puente - PyConES 2018,2019-03-01T18:12:20Z,https://www.youtube.com/watch?v=dNbZDVJ03NU
Project templates with Cookiecuter - H√©ctor Canto - PyConES 2018,2019-03-01T18:12:20Z,https://www.youtube.com/watch?v=1FChdPxFACU
Instrumenta tu app con Prometheus - Agust√≠n Herranz - PyConES 2018,2019-03-01T18:12:20Z,https://www.youtube.com/watch?v=BoQzQnJlJDU
Prediciendo la contaminacion - Maria Medina - PyConES 2018,2019-03-01T18:12:20Z,https://www.youtube.com/watch?v=mXZpdP4oe6M
"Mocks, Fakes, Dummies - Mario Corchero - PyConES 2018",2019-03-01T18:12:20Z,https://www.youtube.com/watch?v=auIDbbv0qoo
"El hombre pis√≥ la luna, pero gracias a la mujer - Teresa de la Torre - PyConES 2018",2019-03-01T18:12:20Z,https://www.youtube.com/watch?v=fO3rkBBsvP4
GIL:Todo lo que quisite saber y no te atreviste a preguntar - Jesus Cea - PyConES 2018,2019-03-01T18:12:21Z,https://www.youtube.com/watch?v=l46l0c2TDOI
"¬°Oh vosotros los que entr√°is, abandonad toda esperanza! - Pablo Galindo - PyConES 2018",2019-03-01T18:12:20Z,https://www.youtube.com/watch?v=vOGacccUsog
Sustituyendo Makefiles con Python y Luigi - Javier Torres - PyConES 2018,2019-03-01T18:12:20Z,https://www.youtube.com/watch?v=OcL5dvgQPSE
A la caza de exoplanetas por imagen directa con Python - PyConES 2018,2019-03-01T18:12:20Z,https://www.youtube.com/watch?v=yakMw7kfIqY
Gradual typing en Python - David Barrag√°n - PyConES 2018,2019-03-01T18:12:20Z,https://www.youtube.com/watch?v=NroqMzpyemQ
Extracting meaningful information from unstructured data   - PyConES 2018,2019-03-01T18:12:20Z,https://www.youtube.com/watch?v=zghmyT1b-6Q
Build your static site with Python - Fernando Rabanal - PyConES 2018,2019-03-01T18:12:20Z,https://www.youtube.com/watch?v=-IWC8-SIsBw
"Flask, un peque√±o heroe - Maribel Tirados - PyConES 2018",2019-03-01T18:12:21Z,https://www.youtube.com/watch?v=Kb1Bl_Wz_Uk
Microservices: the small print - Mar Bartolom√© - PyConES 2018,2019-03-01T18:12:20Z,https://www.youtube.com/watch?v=t5jq71IQbl8
Hackeando el Reinforcement Learning - Guillem Duran - PyConES 2018,2019-03-01T18:12:20Z,https://www.youtube.com/watch?v=FxqwL5Esh7I
Dise√±ando APIs con Flask - Sara Iris Garcia - PyConES 2018,2019-03-01T18:12:20Z,https://www.youtube.com/watch?v=h5NENDk-cMI
Python Heaps ters - V√≠ctor Terr√≥n - PyConES 2018,2019-03-01T18:12:20Z,https://www.youtube.com/watch?v=lIoKC5p7sug
Recomendacion de canciones con Fourier - Carlos Perales - PyConES 2018,2019-03-01T18:12:20Z,https://www.youtube.com/watch?v=q72TpAuulHc
Nueva generaci√≥n de APIs con API Star - Jos√© Antonio Perdiguero - PyConES 2018,2019-03-01T18:12:21Z,https://www.youtube.com/watch?v=mH90PSbxB-k
List me your virtues - Maite Gim√©nez - PyConES 2018,2019-03-01T18:12:20Z,https://www.youtube.com/watch?v=UqYm5SAG394
Descubriendo los misterios con Python - Maria Camila - PyConES 2018,2019-03-01T18:12:20Z,https://www.youtube.com/watch?v=eVdud7MRo6k
Yet Another Deep Learning Retina - Rub√©n Crespo - PyConES 2018,2019-03-01T16:37:24Z,https://www.youtube.com/watch?v=8UAL-qIZKxY
Web scraping para principiantes - Sara Rodr√≠guez - PyConES 2018,2019-03-01T16:35:31Z,https://www.youtube.com/watch?v=wO1R3b-KogM
Building a data privacy layer for decentralized applications - David N√∫√±ez - PyConES 2018,2019-03-01T16:36:38Z,https://www.youtube.com/watch?v=S3D3ey824ZA
Un dron vol√≥ sobre el nido de Python - Mario Bartolome - PyConES 2018,2019-03-01T16:33:12Z,https://www.youtube.com/watch?v=2_aKKT_22SM
Twelve Factor app - F Jos√© Fern√°ndez - PyConES 2018,2019-03-01T16:32:06Z,https://www.youtube.com/watch?v=R5qbUWnPTbk
Traduccion de textos automatizadas - Pablo Vargas - PyConES 2018,2019-03-01T16:31:57Z,https://www.youtube.com/watch?v=OJbFcC64HUc
testing python security - Jose Manuel Ortega - PyConES 2018,2019-03-01T16:31:35Z,https://www.youtube.com/watch?v=D7O5aDQR3sE
The Python Space adventure - Gloria Passarello - PyConES 2018,2019-03-01T16:31:35Z,https://www.youtube.com/watch?v=yWxVGc8mLTY
VIDEO RESUMEN PYCONES 2018,2019-03-01T16:31:35Z,https://www.youtube.com/watch?v=WaPrngUQTuM
Evaluation of text analysis in social media   a linguistic approach - Eul√†lia Veny  - PyConES 2018,2019-02-28T15:27:33Z,https://www.youtube.com/watch?v=BcKCOjjYUi8
Keynote - H√©ctor Socas Navarro - PyConES 2018,2019-02-28T15:27:33Z,https://www.youtube.com/watch?v=ZgX0b2FkoKs
Keynote - Lorena Mesa - PyConES 2018,2019-02-28T15:27:33Z,https://www.youtube.com/watch?v=t8YdyksqFMI
Back to Basics: NLP - Claudia Guirao - PyConES 2018,2019-02-28T15:27:33Z,https://www.youtube.com/watch?v=PaiEBxvodXA
Scaling beyond scikit learn&#39;s Pipeline - Pedro Morales y Enrique - PyConES18,2019-02-28T15:27:32Z,https://www.youtube.com/watch?v=yYgY1R2QhI0
Khiva: C√≥mo Al Juarismi reventaba GPUs para analizar time series - Antonio Vilches  - PyConES 2018,2019-02-28T15:27:33Z,https://www.youtube.com/watch?v=FwwXLEvvXjk
Desde im√°genes RGB a mapas de profundidad - Zuria Bauer - PyConES 2018,2019-02-28T15:27:33Z,https://www.youtube.com/watch?v=BE8YLm4nrjI
From unstructured news to real time visualizations - Oscar Ramirez y Victoria Capar - PyConES 2018,2019-02-28T15:27:32Z,https://www.youtube.com/watch?v=450rv1FV0sQ
Lightning talks - PyConES 2018,2019-02-28T15:27:33Z,https://www.youtube.com/watch?v=ZI9lYfOQnS0
H√©ctor Pablos L√≥pez - Exprimiendo el ORM de Django - PyConES 2017,2017-10-06T16:59:00Z,https://www.youtube.com/watch?v=XZv7k_m9B-w
Pablo Galindo y Victor Terr√≥n - Metaclases: exactamente qu√© y (sobre todo) por qu√© - PyConES 2017,2017-10-06T16:58:58Z,https://www.youtube.com/watch?v=n2Ma5lT99pM
Javier Arias - Why lazy developers write beautiful code - PyConES 2017,2017-10-06T16:58:57Z,https://www.youtube.com/watch?v=tsYSFGNaFcU
"Braulio Vargas L√≥pez, Marta G√≥mez Mac√≠as - Haskell es mi pastor y Python, mi profeta - PyConES 2017",2017-10-06T16:58:50Z,https://www.youtube.com/watch?v=_LfEuaHvofU
Oscar Ram√≠rez - Usando Python y SocketIO para aplicaciones en tiempo real - PyConES 2017,2017-10-06T16:58:59Z,https://www.youtube.com/watch?v=ejufw8Qrcpk
Alejandro Le√≥n - Iniciaci√≥n Open edX - PyConES 2017,2017-10-06T16:58:59Z,https://www.youtube.com/watch?v=ZJcJUEYGcSc
Apertura Domingo - PyConES 2017,2017-10-06T16:58:51Z,https://www.youtube.com/watch?v=RWX0GSptkVc
"Irene P√©rez Encinar, Javier Torres Ni√±o - ¬øQu√© tiene en com√∫n Donald Trump ...? - PyConES 2017",2017-10-06T16:59:01Z,https://www.youtube.com/watch?v=rqYI_BTVSl4
Javier Torres - C√≥mo complicar innecesariamente tu vida programando una shell... - PyConES 2017,2017-10-06T16:58:57Z,https://www.youtube.com/watch?v=vjLmxqBB1iE
Ant√≤nia Tugores - City attractiveness seen through Twitter - PyConES 2017,2017-10-06T16:58:52Z,https://www.youtube.com/watch?v=wpBCNkbismM
Jorge Coronado - Killo io el Google Espa√±ol creado en Python - PyConES 2017,2017-10-06T16:58:55Z,https://www.youtube.com/watch?v=G9dnE0uov4o
Dario Varotto y Diego Hueltes - Flask vs Django - PyConES17,2017-10-06T16:58:56Z,https://www.youtube.com/watch?v=Cs1UEeOjJUE
Jara Ramos - ¬°Python a los 17 y en 3 meses! - PyConES17,2017-10-06T16:59:00Z,https://www.youtube.com/watch?v=A0Tb3OOkigM
S. Saavedra - Codelab: ¬øPodemos predecir qui√©n muere en Juego de Tronos con TensorFlow? - PyConES17,2017-10-06T16:59:00Z,https://www.youtube.com/watch?v=xrLYMk8kBZU
Maite Gim√©nez - Deep Learning models in Python without gibberish - PyConES 2017,2017-10-06T16:58:58Z,https://www.youtube.com/watch?v=5sWOFMQjks8
Javier Abad√≠a - Fullstack Single Page Applications con Django + Webpack + Vue.js - PyConES 2017,2017-10-06T16:58:57Z,https://www.youtube.com/watch?v=NUo6Fdqoers
Luis Mesas - Machine Learning in production - PyConEs 2017,2017-10-06T16:58:58Z,https://www.youtube.com/watch?v=LOIQ85q2ktM
Ivan Robles - Open Sourceando en Orange - PyConES 2017,2017-10-06T16:59:01Z,https://www.youtube.com/watch?v=9jZSSSxSH_E
Eyad Tomeh - How to hug Pandas - PyConES 2017,2017-10-06T16:58:59Z,https://www.youtube.com/watch?v=vLweXhIBO0E
Alicia P√©rez - Aplicaciones Geogr√°ficas con Django - PyConES17,2017-10-06T16:58:59Z,https://www.youtube.com/watch?v=KMUbg092mtw
Daniel Izquierdo - Beyond the 10%: analysis of the gender-diversity gap - PyConES 2017,2017-10-06T16:58:58Z,https://www.youtube.com/watch?v=QIW2yJFcn_c
Javier Aceituno Lapido - Developing in a black hole - PyConES 2017,2017-10-06T16:58:56Z,https://www.youtube.com/watch?v=cbE-nw9x-Aw
Alejandro Guirao - Serverless with Python - PyConES 2017,2017-10-06T16:58:54Z,https://www.youtube.com/watch?v=2FhVU9qIuhE
Andros Fenollosa Hurtado - Vigilante de Wallapop - PyConES 2017,2017-10-06T16:58:52Z,https://www.youtube.com/watch?v=mHqDmYypG1w
‚ÄãJuan Francisco Huete Verdejo - OpenCV el ojo de la serpiente que todo lo ve - PyConES 2017,2017-10-06T16:53:10Z,https://www.youtube.com/watch?v=GRAzLwMTsuc
Juan Luis Cano - Keynote - PyConES 2017,2017-10-06T16:53:06Z,https://www.youtube.com/watch?v=i7l1g2oZq2E
"A. Vallbona - Pytest recomendaciones, paquetes b√°sicos para testing en Python y Django - PyConES17",2017-10-06T16:53:09Z,https://www.youtube.com/watch?v=K20GeR-lXDk
Antonio Hidalgo y Juan Luis Cano - ¬°Atrapa ese asteroide con poliastro! - PyConES17,2017-10-06T16:53:16Z,https://www.youtube.com/watch?v=PwpdHc1M66I
"Ricardo Guerrero G√≥mez - Mi coche ya es mayor de edad, creo que puede conducir solito - PyConES 2017",2017-10-06T16:53:17Z,https://www.youtube.com/watch?v=X2p1b4aNhxA
"Miguel Jim√©nez - Factories, what the hell? - PyConES 2017",2017-10-06T16:53:15Z,https://www.youtube.com/watch?v=9RIUYeaKX1Q
Roberto Abdelkader Mart√≠nez P√©rez - Sistemas Expertos en Python con PyKnow - PyConES 2017,2017-10-06T16:53:17Z,https://www.youtube.com/watch?v=T7QzdVxRaOo
V√≠ctor Mu√±oz Berti - pytest m√°s all√° de la documentaci√≥n - PyConES 2017,2017-10-06T16:53:06Z,https://www.youtube.com/watch?v=Sbd0N8mP1PM
Miguel Gonz√°lez √Ålvarez - ¬øD√É¬≥nde est√É¬° mi √É¬±? - PyConES 2017,2017-10-06T16:53:15Z,https://www.youtube.com/watch?v=BLJl3x8JLOQ
"Santiago Saavedra - C√≥mo dise√±ar un programa CLI f√°cil de lanzar, con un Click - PyConES17",2017-10-06T16:53:15Z,https://www.youtube.com/watch?v=QHHTI0bEpmA
Jose Luis Cercos Pita - NASAL Geom Salvando vidas con Python - PyConES17,2017-10-06T16:53:18Z,https://www.youtube.com/watch?v=4nylHbP8T1U
Roberto Majadas - Ansible - PyConES17,2017-10-06T16:53:17Z,https://www.youtube.com/watch?v=AdfS2sa_Ha8
"Beatriz Gonz√°lez - Tu web est√° lista, ¬ølo sabe Google? - PyConES17",2017-10-06T16:53:15Z,https://www.youtube.com/watch?v=HVWQoDT_R1U
Rodrigo Cabello - Machine Learning for developers - PyConES 2017,2017-10-06T16:53:18Z,https://www.youtube.com/watch?v=nGVZraMeQmw
Jose Miguel Leiva - Python+TensorFlow C√≥mo Ganar Dinero en Bolsa aplicando Deep Learning - PyConES17,2017-10-06T16:53:14Z,https://www.youtube.com/watch?v=1MLsRk0d5Pw
Diego Mu√±oz - High impact refactors while keeping the lights on - PyConES 2017,2017-10-06T16:53:13Z,https://www.youtube.com/watch?v=KFjgXtZs6IY
Jose Manuel Ortega - Discovering python search engine - PyConES17,2017-10-06T16:53:13Z,https://www.youtube.com/watch?v=W-n_1IzU4eg
David Saltares y Andy Almonte - Load test your backend with locust.io - PyConES17,2017-10-06T16:53:08Z,https://www.youtube.com/watch?v=cuATUqwW6T8
Naomi Ceder - Come learn about the Python Software Foundation! - PyConES17,2017-10-06T16:53:14Z,https://www.youtube.com/watch?v=PXD7PJl2DTs
"Jos√© Antonio Perdiguero - Crea, empaqueta y distribuye tu propia aplicaci√≥n - PyConES 2017",2017-10-06T16:53:07Z,https://www.youtube.com/watch?v=DHCtsYni_Hk
Valery Calder√≥n - Utilizando BreakOut Detection para detecci√≥n de anomal√≠as en serie - PyConES 2017,2017-10-06T16:53:10Z,https://www.youtube.com/watch?v=31aftp1K_gs
Resumen PyConES 2017,2017-09-30T16:07:33Z,https://www.youtube.com/watch?v=8QYnf8EVoRc
PyConES 2017,2017-09-24T16:31:49Z,https://www.youtube.com/watch?v=DSB3J0ZMLXg
PyConES 2017,2017-09-22T18:48:53Z,https://www.youtube.com/watch?v=4QLVGvgQwiA
Iv√°n Pedrazas - Scaling Django - Running Django in Kubernetes - PyConES 2016,2017-03-20T17:31:52Z,https://www.youtube.com/watch?v=IygmiJN0mUM
Javi Romero - Depurando como un pro: porque llenar un script con prints es cutre - PyConES 2016,2017-03-20T17:32:12Z,https://www.youtube.com/watch?v=GljrJsZ476k
Israel Blancas - GitHubCity: una biblioteca para conocer tu comunidad - PyConES 2016,2017-03-20T17:32:15Z,https://www.youtube.com/watch?v=2Nbf4DQj8Gg
Javier Sujar - Aggregation framework con Pymongo - PyConES 2016,2017-03-20T17:31:47Z,https://www.youtube.com/watch?v=ewJng7Vg9o4
Uzi Halaby-Senerman - Pandas - not just for data scientists - PyConES 2016,2017-03-20T17:32:09Z,https://www.youtube.com/watch?v=tZkDfzuEVyo
Federico Mon - ¬øPuede la m√°quina aprender a programar? - PyConES 2016,2017-03-20T17:32:08Z,https://www.youtube.com/watch?v=BEXfuft7Kb4
H√©ctor Pablos - Adelgazando los modelos de Django - PyConES 2016,2017-03-20T17:31:50Z,https://www.youtube.com/watch?v=ScAKGnGWq-E
Jes√∫s Cea - Python y DTrace - PyConES 2016,2017-03-20T17:32:13Z,https://www.youtube.com/watch?v=dGgQo4Ptf_E
Antoni Aloy - SOMOS LO PEOR - PyConES 2016,2017-03-20T17:32:15Z,https://www.youtube.com/watch?v=YiPnA1EfyJo
Presentaci√≥n Cajamar PythonHack 2016 + Gema Parre√±o-TensorFlow y Space Apps Challenge  PyConES 2016,2017-03-20T17:32:14Z,https://www.youtube.com/watch?v=-I4EtKpnL4E
Javier Abad√≠a - An√°lisis de colores: c√≥mo analizar tendencias de moda autom√°ticamente - PyConES 2016,2017-03-20T17:31:45Z,https://www.youtube.com/watch?v=yiWlwPrIqzo
Ant√≤nia Tugores - Using social media geotagged data to estimate railway use - PyConES 2016,2017-03-20T17:32:09Z,https://www.youtube.com/watch?v=Ppk-lvAGiig
Clausura y entrega de premios Cajamar PythonHack 2016 - PyConES 2016,2017-03-20T17:32:10Z,https://www.youtube.com/watch?v=qQYmEhel8OU
Juan Javaloyes y Fco Navarro - Aprendiendo magia negra con Python - PyConES 2016,2017-03-20T17:32:09Z,https://www.youtube.com/watch?v=FByXobXC64U
Jos√© Mar√≠a √Ålvarez - Heydjbot: Spotify &amp; Telegram. Una historia de amor - PyConES 2016,2017-03-20T17:32:15Z,https://www.youtube.com/watch?v=edNYNJ0h1TU
Crist√≥bal Contreras - La bicha ahora tambi√©n hace hardware - PyConES 2016,2017-03-20T17:31:48Z,https://www.youtube.com/watch?v=-CfFimMBHJQ
"Andros Fenollosa - Cordova, desarrolla apps multiplataformas sin morir en el intento - PyConES 2016",2017-03-20T17:31:51Z,https://www.youtube.com/watch?v=yD8VKAjKmi0
Claudia Guirao y Miquel Camprodon - py - reglas de asociaci√≥n - PyConES 2016,2017-03-20T17:31:49Z,https://www.youtube.com/watch?v=azdPyVMUi98
Rub√©n Crespo - Optimizaci√≥n autom√°tica de modelos bioinspirados de visi√≥n - PyConES 2016,2017-03-20T17:31:50Z,https://www.youtube.com/watch?v=dGuPDXTYTRo
Daniel Domene y Carlos Planelles - Haciendo matem√°ticas con Python - PyConES 2016,2017-03-20T17:31:47Z,https://www.youtube.com/watch?v=fbPLV_KKY3s
Jos√© Mar√≠a √Ålvarez - Codecombat: Aprendiendo Python mientras matas Orcos - PyConES 2016,2017-03-20T17:32:10Z,https://www.youtube.com/watch?v=cokUyBH17TA
V√≠ctor Su√°rez - Python: Vision Artificial - PyConES 2016,2017-03-20T17:32:16Z,https://www.youtube.com/watch?v=xL-TYSUrRh8
Alejandro G√≥mez - QA 4 Python - PyConES 2016,2017-03-20T17:32:15Z,https://www.youtube.com/watch?v=EzVpUQkHSy0
Adri√°n Matellanes - C√≥mo construir un API del que que tus padres se sientan orgullosos-PyConES 2016,2017-03-20T17:31:52Z,https://www.youtube.com/watch?v=p_J2a1QoTRE
Jos√© Manuel Rivas - Channels is coming: real-time web in Django - PyConES 2016,2017-03-20T17:31:53Z,https://www.youtube.com/watch?v=PbDzr1qvloU
Guillem Dur√°n y Juan Luis Cano - Per Shaolin ad Astra - PyConES 2016,2017-03-20T17:31:46Z,https://www.youtube.com/watch?v=-bXIeiEPKvM
"Guillem Borrell - PALM. Big data, streaming y microservicios todo en uno - PyConES 2016",2017-03-20T17:31:46Z,https://www.youtube.com/watch?v=fNL_yUY2UEs
Roberto Majadas - Desplegando Django - PyConES 2016,2017-03-20T17:31:53Z,https://www.youtube.com/watch?v=1Qpp_xfmwc0
David Arcos - Efficient Django - PyConES 2016,2017-03-20T17:31:51Z,https://www.youtube.com/watch?v=QWh47kL9E6A
Manuel Garrido - A Primer on Recommendation Systems - PyConES 2016,2017-03-20T17:31:47Z,https://www.youtube.com/watch?v=7czHEERTc6k
Alicia Perez - Beautiful Python (in Spanish) - PyConES 2016,2017-03-20T17:32:12Z,https://www.youtube.com/watch?v=9xA6w3rmQ34
Pablo Galindo y V√≠ctor Terr√≥n - Los closures que emocionaron a Spielberg - PyConES 2016,2017-03-20T17:32:12Z,https://www.youtube.com/watch?v=rrL3CQNOFRc
Jorge Coronado - C√≥mo crear tu propio Shodan de casa - PyConES 2016,2017-03-20T17:31:49Z,https://www.youtube.com/watch?v=PmgF1--hR4w
Alberto Fern√°ndez - M√≥ntate tu propio bot por cuatro duros - PyConES 2016,2017-03-20T17:32:10Z,https://www.youtube.com/watch?v=aYjIapVkR2U
Juan Rodr√≠guez Monti - Introducci√≥n a PyQt - PyConES 2016,2017-03-20T17:32:11Z,https://www.youtube.com/watch?v=fepmBpDjfNg
Miguel S√°nchez de Le√≥n - Python for developing a real-time automated trading platform - PyConES 2016,2017-03-20T17:31:51Z,https://www.youtube.com/watch?v=4i7q_XuQ2nQ
"Manuel Kaufmann - Argentina en Python: comunidad, sue√±os, viajes y aprendizaje - PyConES 2016",2017-03-20T17:32:10Z,https://www.youtube.com/watch?v=e0500NDu2tA
Carlos Perales - ¬øPodemos predecir si Twitter hundir√° un banco? - PyConES 2016,2017-03-20T17:31:50Z,https://www.youtube.com/watch?v=GNSSTS8QY-0
Juan Rodr√≠guez Monti - Mi experiencia organizando eventos Python usando Python! - PyConES 2016,2017-03-20T17:32:15Z,https://www.youtube.com/watch?v=6RGGFUY7quk
Tom√°s Garz√≥n - Manejo de static con bower y gulp para Django - PyConES 2016,2017-03-20T17:31:52Z,https://www.youtube.com/watch?v=mxRpZqQxmsA
Jos√© Manuel Ortega - OSINT Tools for security auditing - PyConES 2016,2017-03-20T17:31:49Z,https://www.youtube.com/watch?v=LGcE3YxpMc8
Jes√∫s Cea - Micropython - PyConES 2016,2017-03-20T17:31:48Z,https://www.youtube.com/watch?v=gMyoixCvUVI
Agust√≠n Herranz - Test de infraestructura con pytest - PyConES 2016,2017-03-20T17:32:15Z,https://www.youtube.com/watch?v=l1KfrMFD4iQ
Zuria Bauer - How to Improve Your Diet and Save Money with Python - PyConES 2016,2017-03-20T17:31:51Z,https://www.youtube.com/watch?v=j1kwVhO6hRE
Mario Corchero -Traveling in &quot;datetime&quot; - PyConES 2016,2017-03-20T17:32:14Z,https://www.youtube.com/watch?v=bgcJgbdLfoM
Sergi Almacellas - Tryton: Un ERP que se adapta a tus necesidades sin ataduras - PyConES 2016,2017-03-20T17:32:11Z,https://www.youtube.com/watch?v=RtQeM4atMcg
Resumen PyConES 2016,2016-12-21T09:23:50Z,https://www.youtube.com/watch?v=RQcjZg-Ny28
Taller - Single-Page Applications con Django y Backbone - M. SaÃÅnchez y M. GonzaÃÅlez,2016-02-02T11:48:14Z,https://www.youtube.com/watch?v=5CYyKHn_qi4
Syntactic Macros in Python - Salvador de la Puente Gonz√°lez - Track Avanzado,2016-02-02T11:48:13Z,https://www.youtube.com/watch?v=in22xoH_-fw
"Having it All: Distributed services with Django, Boto, and SQS queues - J. V. Trigo - Track BaÃÅsico",2016-02-02T11:47:47Z,https://www.youtube.com/watch?v=LYVfOfR3mp0
Objetos mutable e inmutables y errores t√≠picos - Pablo Enfedaque - Track BaÃÅsico,2016-02-02T11:48:11Z,https://www.youtube.com/watch?v=ML2L8SvZ9RU
Hacking the Taiga - David Barrag√°n Merino - Track Avanzado,2016-02-02T11:47:48Z,https://www.youtube.com/watch?v=DOhEQopFN-4
Un python nuevo para ti: decorators - Braulio Valdivielso - Track Avanzado,2016-02-02T11:47:48Z,https://www.youtube.com/watch?v=K3r_vZ_4k80
#!/usr/bin/python (Python para Sysadmins) - Andreu Belmonte Pe√±a - Track Basico,2016-02-02T11:48:12Z,https://www.youtube.com/watch?v=nX0yV3-2pNg
Click: Como hacer interfaces de comandos con Python - Roberto Majadas Lopez - Track BaÃÅsico,2016-02-02T11:48:12Z,https://www.youtube.com/watch?v=QWlifuLyYFE
El m√≥dulo &quot;tracemalloc&quot; - Jes√∫s Cea - Track Avanzado,2016-02-02T11:47:48Z,https://www.youtube.com/watch?v=mnJFKf153B4
Dive into Scrapy - Juan Riaza - Track CientiÃÅfico,2016-02-02T11:47:45Z,https://www.youtube.com/watch?v=B7QgwPtvNuQ
Machine Learning in the Cloud with Python - Merc√® Martin - Track CientiÃÅfico,2016-02-02T11:47:45Z,https://www.youtube.com/watch?v=QY1JXYTTq08
let&#39;s Twisted again! - Israel D. Aguilar - Track BaÃÅsico,2016-02-02T11:48:12Z,https://www.youtube.com/watch?v=gvB6HZgK7fs
Lightning Talks,2016-02-02T11:47:49Z,https://www.youtube.com/watch?v=ufnQTa2xv9c
asyncIO: p√≥ngase a la cola por favor - Miguel Araujo y Jose Ignacio Galarza - Track Avanzado,2016-02-02T11:47:49Z,https://www.youtube.com/watch?v=nhD5Pz4mGhg
PhaseSpace un programa para analizar sistemas din√°micos - Anton Ferr√© Pujol - Track CientiÃÅfico,2016-02-02T11:47:49Z,https://www.youtube.com/watch?v=T7sA5TmzoJ0
Trolling Detection with Scikit-learn and NLTK - Rafa Haro - Track CientiÃÅfico,2016-02-02T11:47:45Z,https://www.youtube.com/watch?v=16ikTqHOBiE
Python Funcional - Guillermo Vay√° P√©rez - Track BaÃÅsico,2016-02-02T11:48:11Z,https://www.youtube.com/watch?v=5rxkyiEdfeE
Revisi√≥n de c√≥digo en Python - Cesar Cardenas Desales - Track BaÃÅsico,2016-02-02T11:48:11Z,https://www.youtube.com/watch?v=6kQNVcXT0Js
Python y Plutarco: el poder de una historia - Yamila Moreno - Charla Inaugural,2016-02-02T11:47:49Z,https://www.youtube.com/watch?v=4FGohQpVfsE
"Fiona y Shapely, la punta del iceberg del an√°lisis... - Geoinquietos Vlc - T. CientiÃÅfico",2016-02-02T11:47:44Z,https://www.youtube.com/watch?v=aK1WVxHvRxw
Es posible hacer una tesis doctoral en turbulencia con Python - Guillem Borrell - Track CientiÃÅfico,2016-02-02T11:47:46Z,https://www.youtube.com/watch?v=tpk3MAJjRVw
"Thumbor, el servidor de im√°genes libre e inteligente - Edu Herraiz - Track CientiÃÅfico",2016-02-02T11:47:46Z,https://www.youtube.com/watch?v=vzwJKDtUpXo
Python en la industria: el problema de optimizaci√≥n - D. Domene y C. Planelles - T. Cient√≠fico,2016-02-02T11:48:10Z,https://www.youtube.com/watch?v=LfBGGTUdbXU
Autosubmit: investigando el clima con Python - Javier Vegas Regidor - Track CientiÃÅfico,2016-02-02T11:48:10Z,https://www.youtube.com/watch?v=_7sjJ5ay58k
Taller - Better async code with Python 3 - Anton Caceres,2016-02-02T11:48:15Z,https://www.youtube.com/watch?v=EbmSesbRwls
Django request-response: Un viaje de ida y vuelta - Imanol Cea - Track Avanzado,2016-02-02T11:48:12Z,https://www.youtube.com/watch?v=6bGoYvtgyzo
Python in the Sky - David Arcos - Track BaÃÅsico,2016-02-02T11:47:46Z,https://www.youtube.com/watch?v=eGXka3e5fek
Taller - Introducci√≥n a visualizaciones interactivas con Bokeh - Alejandro Vidal,2016-02-02T11:48:31Z,https://www.youtube.com/watch?v=R00uyog1vTw
&quot;Embedding&quot; de Python en otras aplicaciones - Jes√∫s Cea - Track Avanzado,2016-02-02T11:48:13Z,https://www.youtube.com/watch?v=q6LgEHEji7E
DSLs: Can&#39;t parse that!‚ô´ - Miguel Araujo - Track Avanzado,2016-02-02T11:47:44Z,https://www.youtube.com/watch?v=cC8p1ZvQwvM
Know your models - Statsmodels! - Israel Saeta P√©rez y Miquel Camprodon - Track CientiÃÅfico,2016-02-02T11:48:09Z,https://www.youtube.com/watch?v=6z-OnjcmOtM
Metaprogramaci√≥n en Python - Ra√∫l Cumplido - Track Avanzado,2016-02-02T11:47:48Z,https://www.youtube.com/watch?v=LxUaNOq6Fbw
SQJobs: Sencillo sistema de tareas en segundo plano - Federico Mon - Track Avanzado,2016-02-02T11:48:13Z,https://www.youtube.com/watch?v=_maQBRUH4yQ
"Dijkstra es mi pastor, nada me falta - V√≠ctor Terr√≥n - Charla Clausura",2016-02-02T11:47:44Z,https://www.youtube.com/watch?v=8TDZsaATmqQ
SocialLearning: encontrando materiales formativos... - Alberto Labarga - T. CientiÃÅfico,2016-02-02T11:48:10Z,https://www.youtube.com/watch?v=5d8iDXBH_yI
Sirviendo 1M de tickets en 50 idiomas y 35 divisas - Jose Gargallo - Track Avanzado,2016-02-02T11:47:49Z,https://www.youtube.com/watch?v=aOP5FqMxsF4
Introducci√≥n a visualizaciones interactivas con Bokeh - Alejandro Vidal - Track CientiÃÅfico,2016-02-02T11:48:10Z,https://www.youtube.com/watch?v=fV8DpaN7_hg
"Plone 5: el CMS del futuro, en el presente - Mikel Larreategi - Track BaÃÅsico",2016-02-02T11:47:47Z,https://www.youtube.com/watch?v=KVbeUbhNOUI
"La maquinaria de import, ese m√°gico desconocido - Ra√∫l Cumplido - Track BaÃÅsico",2016-02-02T11:48:11Z,https://www.youtube.com/watch?v=KhC0DXU6dGE
Seguridad y criptograf√≠a en Python - Jos√© Manuel Ortega - Track CientiÃÅfico,2016-02-02T11:48:09Z,https://www.youtube.com/watch?v=UZbRWn-JS1Y
Tratando datos m√°s all√° de los l√≠mites de la memoria- Francesc Alted - Track CientiÃÅfico,2016-02-02T11:47:45Z,https://www.youtube.com/watch?v=AVlLMYkwWBU
"Taller - Python en gvSIG, el Sistema de Informaci√≥n Geogr√°fica Libre - JoaquiÃÅn del Cerro",2016-02-02T11:48:14Z,https://www.youtube.com/watch?v=ICS4eyTcXHY
Escalando una web con python - Jose Ignacio Galarza - Track Avanzado,2016-02-02T11:48:13Z,https://www.youtube.com/watch?v=z29NoQFaEp4
Funcional para trollear - Alejandro Brito Monedero - Track BaÃÅsico,2016-02-02T11:47:47Z,https://www.youtube.com/watch?v=Pa1OrCRqGcI
Introducci√≥n a los DSL (Domain Specific Languages) en Python - J. Ignacio Rodr√≠guez - Track BaÃÅsico,2016-02-02T11:47:46Z,https://www.youtube.com/watch?v=nZl2FluQxiM
Taller - Usando contenedores para Big Data - Francesc Alted,2016-02-02T11:48:14Z,https://www.youtube.com/watch?v=L5gRGf9WUO8
Agujeros negros y optimizaci√≥n de c√≥digo en python - Pablo Galindo Salgado - Track CientiÃÅfico,2016-02-02T11:47:44Z,https://www.youtube.com/watch?v=XUNU63tZNQI
Metaprogramaci√≥n Pr√°ctica - Roberto Martinez y Samuel Herrero,2015-04-08T14:49:27Z,https://www.youtube.com/watch?v=UDuDat2sgwk
Fifty shades of docker - Ivan Pedrazas,2015-04-06T23:53:09Z,https://www.youtube.com/watch?v=xAE69gq7Pek
Procesamiento del lenguaje natural en python - Iv√°n Compa√±y,2015-04-06T23:53:10Z,https://www.youtube.com/watch?v=DVZPQ65k130
M√©todos m√°gicos en python3 - Jes√∫s Cea,2015-04-06T23:53:09Z,https://www.youtube.com/watch?v=GE2wfDB0lZU
Breve presentaci√≥n de SAGE - Miguel Angel Marco,2015-04-06T23:53:07Z,https://www.youtube.com/watch?v=eshURXzOJRQ
T√©cnicas avanzadas de Scrapy - Juan Riaza,2015-04-06T23:53:09Z,https://www.youtube.com/watch?v=1eTZSXYGE50
Por qu√© Charles Xavier debe cambiar Cerebro por Python - Mayte Gimenez y Angela Rivera,2015-04-06T23:53:08Z,https://www.youtube.com/watch?v=k5-50FFCifw
Python on a Plane - David Arcos,2015-04-06T23:53:06Z,https://www.youtube.com/watch?v=rZzrGhEgWWs
Ticketea,2015-04-06T23:53:09Z,https://www.youtube.com/watch?v=NPyStkk6btk
Torque: Python y analisis de datos - Javier Santana,2015-04-06T23:53:08Z,https://www.youtube.com/watch?v=pXR98TAI5Ms
Introduction to large scale data analytics and interactive visualization - Christine Doig,2015-04-06T23:53:08Z,https://www.youtube.com/watch?v=MaaLvxRGb1U
Gesti√≥n del ciclo de vida de un proyecto desde el propio repositorio - Miguel Angel Garc√≠a,2015-04-06T23:53:07Z,https://www.youtube.com/watch?v=9PFx-ktT80M
"Lightning talks - Nuria Pujol, Jesus Espino, PyLadies",2015-04-06T23:53:10Z,https://www.youtube.com/watch?v=oaqUQ1FnQLc
Clases en Python: Lo estas haciendo mal - Victor Terr√≥n,2015-04-06T23:53:10Z,https://www.youtube.com/watch?v=MgRdg3s8n3E
Concurrencia de I/O en python - Aitor Guevara,2015-04-06T23:53:12Z,https://www.youtube.com/watch?v=8UhkFpIMtYE
"El problema C10K, la nube y la supercomputaci√≥n - Guillem Borrell",2015-04-06T23:53:11Z,https://www.youtube.com/watch?v=N2g3v4WME1E
Programaci√≥n funcional con Python - Jes√∫s Espino,2015-04-06T23:53:11Z,https://www.youtube.com/watch?v=Rp_lvuXuSSA
Buildout: Creando y desplegando configuraciones repetibles en python - CodeSyntax,2015-04-06T23:53:11Z,https://www.youtube.com/watch?v=tJzsM5DqW_U
Method dispatching techniques in python - Salvador de la Puente Gonzalez,2015-04-06T23:53:07Z,https://www.youtube.com/watch?v=a2GZvdXptP8
Cuarenta caracter√≠sticas de Python que quiz√°s no conoces (PyConES 2013),2014-01-30T03:50:17Z,https://www.youtube.com/watch?v=QZiX75rbkuI
S.O.L.I.D Python (PyConES 2013),2014-01-19T02:46:04Z,https://www.youtube.com/watch?v=9GG5sJo2400
El mejor Framework POO/SOLID (Python OO SOLID) (PyConES 2013),2014-01-14T06:54:31Z,https://www.youtube.com/watch?v=yAAe772_GRU
How to spy with Python (Keynote PyConES 2013),2014-01-02T10:06:11Z,https://www.youtube.com/watch?v=VlfxlXXkAGg
Yatel - Data Mining sobre redes (PyConES 2013),2014-01-01T05:55:14Z,https://www.youtube.com/watch?v=WG8s0e3MtxU
Servicios ling√º√≠sticos en Python basado en reglas (PyConES 2013),2014-01-01T05:14:37Z,https://www.youtube.com/watch?v=MXSYUepsA7E
"Presentando Sage, software matem√°tico basado en Python (PyConES 2013)",2014-01-01T04:45:09Z,https://www.youtube.com/watch?v=pNQPyolDyL4
"Programaci√≥n paralela y distribuida: Cores, Threads y Nodes (PyConES 2013)",2014-01-01T04:10:18Z,https://www.youtube.com/watch?v=4LYCkURTeMM
Mi primer Numba (PyConES 2013),2014-01-01T03:42:30Z,https://www.youtube.com/watch?v=0DHZaSlTBEM
"CloudSim: robots en la nube, el caso del DARPA Robotics Challenge (PyConES 2013)",2014-01-01T02:19:49Z,https://www.youtube.com/watch?v=TNmqrw6smOE
Procesamiento de patrones en Python (PyConES 2013),2014-01-01T01:32:14Z,https://www.youtube.com/watch?v=6P6A93oHqzM
Django Best Practices  (PyConES 2013),2014-01-01T00:30:28Z,https://www.youtube.com/watch?v=5kZ2sfhEtj8
El desconocido m√≥dulo Collections (PyConES 2013),2014-01-01T00:24:14Z,https://www.youtube.com/watch?v=wQ8Wjud49o4
"Empaquetar es f√°cil, si sabes c√≥mo (PyConES 2013)",2013-12-31T21:46:34Z,https://www.youtube.com/watch?v=PjO8FXqZe1M
Introducci√≥n a PyQT (PyConES 2013),2013-12-31T21:28:00Z,https://www.youtube.com/watch?v=S0HjiCfg52Y
Tulip or not Tulip (PyConES 2013),2013-12-31T20:47:23Z,https://www.youtube.com/watch?v=BlOSvIVSe_w
Objetos b√°sicos en CPython (PyConES 2013),2013-12-31T20:18:57Z,https://www.youtube.com/watch?v=qxWKnFo2xAw
La historia de todo lo que pudo salir mal... pero sali√≥ bien (PyConES 2013),2013-12-31T19:45:31Z,https://www.youtube.com/watch?v=GJUmhB4yw2M
"SonSilentSea, creaci√≥n de juegos en Blender con Python (PyConES 2013)",2013-12-31T19:12:22Z,https://www.youtube.com/watch?v=AeKslJQgx3c
Embeddings of Python (PyConES 2013),2013-12-31T19:01:22Z,https://www.youtube.com/watch?v=AwErionvNbg
PyConES 2013. As√≠ fue...,2013-12-30T16:13:26Z,https://www.youtube.com/watch?v=2dxmrqIxNHA
Decoradores desmitificados (PyConES 2013),2013-12-30T02:45:38Z,https://www.youtube.com/watch?v=d9-yTnJgcg4
Haciendo c√≥digo que analiza c√≥digo con AST (PyConES 2013),2013-12-28T18:03:49Z,https://www.youtube.com/watch?v=5raBIS0P0sA
Pensando en APIs (PyConES 2013),2013-12-28T17:53:32Z,https://www.youtube.com/watch?v=YxeAuPePg8E
"Python, the good parts (PyConES 2013)",2013-12-28T16:49:36Z,https://www.youtube.com/watch?v=4KZ6y3ytTL0
Desarrollo de aplicaciones Android con Python (PyConES 2013),2013-12-28T15:13:39Z,https://www.youtube.com/watch?v=6UrtBsU_40Q
Pilas engine (PyConES 2013),2013-12-28T14:29:59Z,https://www.youtube.com/watch?v=bjlWZjTZLmQ
